<metadata xml:lang="en">
	<Esri>
		<CreaDate>20191218</CreaDate>
		<CreaTime>15360400</CreaTime>
		<ArcGISFormat>1.0</ArcGISFormat>
		<SyncOnce>FALSE</SyncOnce>
		<ArcGISProfile>FGDC</ArcGISProfile>
		<DataProperties><itemProps><itemName Sync="TRUE">Fires_Good</itemName><imsContentType Sync="TRUE">002</imsContentType><itemLocation><linkage Sync="TRUE">file://\\IDCE-008142\G$\My Drive\Clark\S3\Geog-313\Geog313_FinalProject\Data\Fires_Good.shp</linkage><protocol Sync="TRUE">Local Area Network</protocol></itemLocation><itemSize Sync="TRUE">0.000</itemSize></itemProps><coordRef><type Sync="TRUE">Projected</type><geogcsn Sync="TRUE">GCS_WGS_1984</geogcsn><csUnits Sync="TRUE">Linear Unit: Meter (1.000000)</csUnits><projcsn Sync="TRUE">WGS_1984_Web_Mercator_Auxiliary_Sphere</projcsn><peXml Sync="TRUE">&lt;ProjectedCoordinateSystem xsi:type='typens:ProjectedCoordinateSystem' xmlns:xsi='http://www.w3.org/2001/XMLSchema-instance' xmlns:xs='http://www.w3.org/2001/XMLSchema' xmlns:typens='http://www.esri.com/schemas/ArcGIS/3.1.0'&gt;&lt;WKT&gt;PROJCS[&amp;quot;WGS_1984_Web_Mercator_Auxiliary_Sphere&amp;quot;,GEOGCS[&amp;quot;GCS_WGS_1984&amp;quot;,DATUM[&amp;quot;D_WGS_1984&amp;quot;,SPHEROID[&amp;quot;WGS_1984&amp;quot;,6378137.0,298.257223563]],PRIMEM[&amp;quot;Greenwich&amp;quot;,0.0],UNIT[&amp;quot;Degree&amp;quot;,0.0174532925199433]],PROJECTION[&amp;quot;Mercator_Auxiliary_Sphere&amp;quot;],PARAMETER[&amp;quot;False_Easting&amp;quot;,0.0],PARAMETER[&amp;quot;False_Northing&amp;quot;,0.0],PARAMETER[&amp;quot;Central_Meridian&amp;quot;,0.0],PARAMETER[&amp;quot;Standard_Parallel_1&amp;quot;,0.0],PARAMETER[&amp;quot;Auxiliary_Sphere_Type&amp;quot;,0.0],UNIT[&amp;quot;Meter&amp;quot;,1.0],AUTHORITY[&amp;quot;EPSG&amp;quot;,3857]]&lt;/WKT&gt;&lt;XOrigin&gt;-20037700&lt;/XOrigin&gt;&lt;YOrigin&gt;-30241100&lt;/YOrigin&gt;&lt;XYScale&gt;148923141.92838538&lt;/XYScale&gt;&lt;ZOrigin&gt;-100000&lt;/ZOrigin&gt;&lt;ZScale&gt;10000&lt;/ZScale&gt;&lt;MOrigin&gt;-100000&lt;/MOrigin&gt;&lt;MScale&gt;10000&lt;/MScale&gt;&lt;XYTolerance&gt;0.001&lt;/XYTolerance&gt;&lt;ZTolerance&gt;0.001&lt;/ZTolerance&gt;&lt;MTolerance&gt;0.001&lt;/MTolerance&gt;&lt;HighPrecision&gt;true&lt;/HighPrecision&gt;&lt;WKID&gt;102100&lt;/WKID&gt;&lt;LatestWKID&gt;3857&lt;/LatestWKID&gt;&lt;/ProjectedCoordinateSystem&gt;</peXml></coordRef><lineage><Process ToolSource="c:\program files\arcgis\pro\Resources\ArcToolbox\toolboxes\Conversion Tools.tbx\ExportFeatures" Date="20230601" Time="151924">ExportFeatures "California Fire Perimeters (all)\California Fire Perimeters (all)" "C:\Users\jgand\OneDrive - Clark University\Fire Ecology\Sussman\Calfire\Default.gdb\fires_all_since_2002" # NOT_USE_ALIAS "YEAR_ "YEAR_" true true false 4 Text 0 0,First,#,California Fire Perimeters (all)\California Fire Perimeters (all),YEAR_,0,4;STATE "STATE" true true false 2 Text 0 0,First,#,California Fire Perimeters (all)\California Fire Perimeters (all),STATE,0,2;AGENCY "AGENCY" true true false 3 Text 0 0,First,#,California Fire Perimeters (all)\California Fire Perimeters (all),AGENCY,0,3;UNIT_ID "UNIT_ID" true true false 3 Text 0 0,First,#,California Fire Perimeters (all)\California Fire Perimeters (all),UNIT_ID,0,3;FIRE_NAME "FIRE_NAME" true true false 34 Text 0 0,First,#,California Fire Perimeters (all)\California Fire Perimeters (all),FIRE_NAME,0,34;INC_NUM "INC_NUM" true true false 8 Text 0 0,First,#,California Fire Perimeters (all)\California Fire Perimeters (all),INC_NUM,0,8;ALARM_DATE "ALARM_DATE" true true false 8 Date 0 0,First,#,California Fire Perimeters (all)\California Fire Perimeters (all),ALARM_DATE,-1,-1;CONT_DATE "CONT_DATE" true true false 8 Date 0 0,First,#,California Fire Perimeters (all)\California Fire Perimeters (all),CONT_DATE,-1,-1;CAUSE "CAUSE" true true false 0 Short 0 0,First,#,California Fire Perimeters (all)\California Fire Perimeters (all),CAUSE,-1,-1;COMMENTS "COMMENTS" true true false 100 Text 0 0,First,#,California Fire Perimeters (all)\California Fire Perimeters (all),COMMENTS,0,100;GIS_ACRES "GIS_ACRES" true true false 0 Float 0 0,First,#,California Fire Perimeters (all)\California Fire Perimeters (all),GIS_ACRES,-1,-1;C_METHOD "C_METHOD" true true false 0 Short 0 0,First,#,California Fire Perimeters (all)\California Fire Perimeters (all),C_METHOD,-1,-1;OBJECTIVE "OBJECTIVE" true true false 0 Short 0 0,First,#,California Fire Perimeters (all)\California Fire Perimeters (all),OBJECTIVE,-1,-1;FIRE_NUM "FIRE_NUM" true true false 8 Text 0 0,First,#,California Fire Perimeters (all)\California Fire Perimeters (all),FIRE_NUM,0,8;COMPLEX_NAME "COMPLEX_NAME" true true false 50 Text 0 0,First,#,California Fire Perimeters (all)\California Fire Perimeters (all),COMPLEX_NAME,0,50;COMPLEX_INCNUM "COMPLEX_INCNUM" true true false 50 Text 0 0,First,#,California Fire Perimeters (all)\California Fire Perimeters (all),COMPLEX_INCNUM,0,50;IRWINID "IRWINID" true true false 40 Text 0 0,First,#,California Fire Perimeters (all)\California Fire Perimeters (all),IRWINID,0,40;Shape__Area "Shape__Area" false true true 0 Double 0 0,First,#,California Fire Perimeters (all)\California Fire Perimeters (all),Shape__Area,-1,-1;Shape__Length "Shape__Length" false true true 0 Double 0 0,First,#,California Fire Perimeters (all)\California Fire Perimeters (all),Shape__Length,-1,-1" #</Process><Process ToolSource="c:\myarcgispro\Resources\ArcToolbox\toolboxes\Conversion Tools.tbx\ExportFeatures" Date="20231115" Time="172918">ExportFeatures fires_all_since_2002 D:\Sussman\Sussman_ArcPro\Sussman.gdb\firesWithEucSince2002 # NOT_USE_ALIAS "YEAR_ "YEAR_" true true false 4 Text 0 0,First,#,fires_all_since_2002,YEAR_,0,4;STATE "STATE" true true false 2 Text 0 0,First,#,fires_all_since_2002,STATE,0,2;AGENCY "AGENCY" true true false 3 Text 0 0,First,#,fires_all_since_2002,AGENCY,0,3;UNIT_ID "UNIT_ID" true true false 3 Text 0 0,First,#,fires_all_since_2002,UNIT_ID,0,3;FIRE_NAME "FIRE_NAME" true true false 34 Text 0 0,First,#,fires_all_since_2002,FIRE_NAME,0,34;INC_NUM "INC_NUM" true true false 8 Text 0 0,First,#,fires_all_since_2002,INC_NUM,0,8;ALARM_DATE "ALARM_DATE" true true false 8 Date 0 0,First,#,fires_all_since_2002,ALARM_DATE,-1,-1;CONT_DATE "CONT_DATE" true true false 8 Date 0 0,First,#,fires_all_since_2002,CONT_DATE,-1,-1;CAUSE "CAUSE" true true false 2 Short 0 0,First,#,fires_all_since_2002,CAUSE,-1,-1;COMMENTS "COMMENTS" true true false 100 Text 0 0,First,#,fires_all_since_2002,COMMENTS,0,100;GIS_ACRES "GIS_ACRES" true true false 4 Float 0 0,First,#,fires_all_since_2002,GIS_ACRES,-1,-1;C_METHOD "C_METHOD" true true false 2 Short 0 0,First,#,fires_all_since_2002,C_METHOD,-1,-1;OBJECTIVE "OBJECTIVE" true true false 2 Short 0 0,First,#,fires_all_since_2002,OBJECTIVE,-1,-1;FIRE_NUM "FIRE_NUM" true true false 8 Text 0 0,First,#,fires_all_since_2002,FIRE_NUM,0,8;COMPLEX_NAME "COMPLEX_NAME" true true false 50 Text 0 0,First,#,fires_all_since_2002,COMPLEX_NAME,0,50;COMPLEX_INCNUM "COMPLEX_INCNUM" true true false 50 Text 0 0,First,#,fires_all_since_2002,COMPLEX_INCNUM,0,50;IRWINID "IRWINID" true true false 40 Text 0 0,First,#,fires_all_since_2002,IRWINID,0,40;Shape_Length "Shape_Length" false true true 8 Double 0 0,First,#,fires_all_since_2002,Shape_Length,-1,-1;Shape_Area "Shape_Area" false true true 8 Double 0 0,First,#,fires_all_since_2002,Shape_Area,-1,-1" #</Process><Process ToolSource="c:\myarcgispro\Resources\ArcToolbox\toolboxes\Conversion Tools.tbx\ExportFeatures" Date="20231117" Time="133155">ExportFeatures firesWithEucSince2002 "G:\My Drive\Clark\S3\Geog-313\Geog313_FinalProject\Data\FiresWithEucSince2002.shp" # NOT_USE_ALIAS "YEAR_ "YEAR_" true true false 4 Text 0 0,First,#,firesWithEucSince2002,YEAR_,0,4;STATE "STATE" true true false 2 Text 0 0,First,#,firesWithEucSince2002,STATE,0,2;AGENCY "AGENCY" true true false 3 Text 0 0,First,#,firesWithEucSince2002,AGENCY,0,3;UNIT_ID "UNIT_ID" true true false 3 Text 0 0,First,#,firesWithEucSince2002,UNIT_ID,0,3;FIRE_NAME "FIRE_NAME" true true false 34 Text 0 0,First,#,firesWithEucSince2002,FIRE_NAME,0,34;INC_NUM "INC_NUM" true true false 8 Text 0 0,First,#,firesWithEucSince2002,INC_NUM,0,8;ALARM_DATE "ALARM_DATE" true true false 8 Date 0 0,First,#,firesWithEucSince2002,ALARM_DATE,-1,-1;CONT_DATE "CONT_DATE" true true false 8 Date 0 0,First,#,firesWithEucSince2002,CONT_DATE,-1,-1;CAUSE "CAUSE" true true false 2 Short 0 0,First,#,firesWithEucSince2002,CAUSE,-1,-1;COMMENTS "COMMENTS" true true false 100 Text 0 0,First,#,firesWithEucSince2002,COMMENTS,0,100;GIS_ACRES "GIS_ACRES" true true false 4 Float 0 0,First,#,firesWithEucSince2002,GIS_ACRES,-1,-1;C_METHOD "C_METHOD" true true false 2 Short 0 0,First,#,firesWithEucSince2002,C_METHOD,-1,-1;OBJECTIVE "OBJECTIVE" true true false 2 Short 0 0,First,#,firesWithEucSince2002,OBJECTIVE,-1,-1;FIRE_NUM "FIRE_NUM" true true false 8 Text 0 0,First,#,firesWithEucSince2002,FIRE_NUM,0,8;COMPLEX_NAME "COMPLEX_NAME" true true false 50 Text 0 0,First,#,firesWithEucSince2002,COMPLEX_NAME,0,50;COMPLEX_INCNUM "COMPLEX_INCNUM" true true false 50 Text 0 0,First,#,firesWithEucSince2002,COMPLEX_INCNUM,0,50;IRWINID "IRWINID" true true false 40 Text 0 0,First,#,firesWithEucSince2002,IRWINID,0,40;Shape_Length "Shape_Length" false true true 8 Double 0 0,First,#,firesWithEucSince2002,Shape_Length,-1,-1;Shape_Area "Shape_Area" false true true 8 Double 0 0,First,#,firesWithEucSince2002,Shape_Area,-1,-1" #</Process><Process ToolSource="c:\myarcgispro\Resources\ArcToolbox\toolboxes\Conversion Tools.tbx\ExportFeatures" Date="20231218" Time="144507">ExportFeatures FiresWithEucSince2002 "G:\My Drive\Clark\S3\Geog-313\Geog313_FinalProject\Data\Fires_Good.shp" # NOT_USE_ALIAS "YEAR_ "YEAR_" true true false 4 Text 0 0,First,#,FiresWithEucSince2002,YEAR_,0,4;STATE "STATE" true true false 2 Text 0 0,First,#,FiresWithEucSince2002,STATE,0,2;AGENCY "AGENCY" true true false 3 Text 0 0,First,#,FiresWithEucSince2002,AGENCY,0,3;UNIT_ID "UNIT_ID" true true false 3 Text 0 0,First,#,FiresWithEucSince2002,UNIT_ID,0,3;FIRE_NAME "FIRE_NAME" true true false 34 Text 0 0,First,#,FiresWithEucSince2002,FIRE_NAME,0,34;INC_NUM "INC_NUM" true true false 8 Text 0 0,First,#,FiresWithEucSince2002,INC_NUM,0,8;ALARM_DATE "ALARM_DATE" true true false 8 Date 0 0,First,#,FiresWithEucSince2002,ALARM_DATE,-1,-1;CONT_DATE "CONT_DATE" true true false 8 Date 0 0,First,#,FiresWithEucSince2002,CONT_DATE,-1,-1;CAUSE "CAUSE" true true false 5 Long 0 5,First,#,FiresWithEucSince2002,CAUSE,-1,-1;COMMENTS "COMMENTS" true true false 100 Text 0 0,First,#,FiresWithEucSince2002,COMMENTS,0,100;GIS_ACRES "GIS_ACRES" true true false 13 Float 0 0,First,#,FiresWithEucSince2002,GIS_ACRES,-1,-1;C_METHOD "C_METHOD" true true false 5 Long 0 5,First,#,FiresWithEucSince2002,C_METHOD,-1,-1;OBJECTIVE "OBJECTIVE" true true false 5 Long 0 5,First,#,FiresWithEucSince2002,OBJECTIVE,-1,-1;FIRE_NUM "FIRE_NUM" true true false 8 Text 0 0,First,#,FiresWithEucSince2002,FIRE_NUM,0,8;COMPLEX_NA "COMPLEX_NA" true true false 50 Text 0 0,First,#,FiresWithEucSince2002,COMPLEX_NA,0,50;COMPLEX_IN "COMPLEX_IN" true true false 50 Text 0 0,First,#,FiresWithEucSince2002,COMPLEX_IN,0,50;IRWINID "IRWINID" true true false 40 Text 0 0,First,#,FiresWithEucSince2002,IRWINID,0,40;Shape_Leng "Shape_Leng" true true false 19 Double 0 0,First,#,FiresWithEucSince2002,Shape_Leng,-1,-1;Shape_Area "Shape_Area" true true false 19 Double 0 0,First,#,FiresWithEucSince2002,Shape_Area,-1,-1" #</Process></lineage></DataProperties><SyncDate>20231218</SyncDate><SyncTime>14450600</SyncTime><ModDate>20231218</ModDate><ModTime>14450600</ModTime></Esri>
	<dataIdInfo>
		<idCitation>
			<resTitle>California Fire Perimeters (all)</resTitle>
			<presForm><PresFormCd value="005" Sync="TRUE"></PresFormCd></presForm></idCitation>
		<envirDesc Sync="TRUE">Microsoft Windows 10 Version 10.0 (Build 19045) ; Esri ArcGIS 13.1.3.41833</envirDesc><dataLang><languageCode value="eng" Sync="TRUE"></languageCode><countryCode value="USA" Sync="TRUE"></countryCode></dataLang><spatRpType><SpatRepTypCd value="001" Sync="TRUE"></SpatRepTypCd></spatRpType></dataIdInfo>
	<mdLang><languageCode value="eng" Sync="TRUE"></languageCode><countryCode value="USA" Sync="TRUE"></countryCode></mdLang><distInfo><distFormat><formatName Sync="TRUE">Shapefile</formatName></distFormat><distTranOps><transSize Sync="TRUE">0.000</transSize></distTranOps></distInfo><mdHrLv><ScopeCd value="005" Sync="TRUE"></ScopeCd></mdHrLv><mdHrLvName Sync="TRUE">dataset</mdHrLvName><refSysInfo><RefSystem><refSysID><identCode code="3857" Sync="TRUE"></identCode><idCodeSpace Sync="TRUE">EPSG</idCodeSpace><idVersion Sync="TRUE">6.18.3(9.3.1.2)</idVersion></refSysID></RefSystem></refSysInfo><spatRepInfo><VectSpatRep><geometObjs Name="Fires_Good"><geoObjTyp><GeoObjTypCd value="002" Sync="TRUE"></GeoObjTypCd></geoObjTyp><geoObjCnt Sync="TRUE">0</geoObjCnt></geometObjs><topLvl><TopoLevCd value="001" Sync="TRUE"></TopoLevCd></topLvl></VectSpatRep></spatRepInfo><spdoinfo><ptvctinf><esriterm Name="Fires_Good"><efeatyp Sync="TRUE">Simple</efeatyp><efeageom code="4" Sync="TRUE"></efeageom><esritopo Sync="TRUE">FALSE</esritopo><efeacnt Sync="TRUE">0</efeacnt><spindex Sync="TRUE">FALSE</spindex><linrefer Sync="TRUE">FALSE</linrefer></esriterm></ptvctinf></spdoinfo><eainfo><detailed Name="Fires_Good"><enttyp><enttypl Sync="TRUE">Fires_Good</enttypl><enttypt Sync="TRUE">Feature Class</enttypt><enttypc Sync="TRUE">0</enttypc></enttyp><attr><attrlabl Sync="TRUE">FID</attrlabl><attalias Sync="TRUE">FID</attalias><attrtype Sync="TRUE">OID</attrtype><attwidth Sync="TRUE">4</attwidth><atprecis Sync="TRUE">0</atprecis><attscale Sync="TRUE">0</attscale><attrdef Sync="TRUE">Internal feature number.</attrdef><attrdefs Sync="TRUE">Esri</attrdefs><attrdomv><udom Sync="TRUE">Sequential unique whole numbers that are automatically generated.</udom></attrdomv></attr><attr><attrlabl Sync="TRUE">Shape</attrlabl><attalias Sync="TRUE">Shape</attalias><attrtype Sync="TRUE">Geometry</attrtype><attwidth Sync="TRUE">0</attwidth><atprecis Sync="TRUE">0</atprecis><attscale Sync="TRUE">0</attscale><attrdef Sync="TRUE">Feature geometry.</attrdef><attrdefs Sync="TRUE">Esri</attrdefs><attrdomv><udom Sync="TRUE">Coordinates defining the features.</udom></attrdomv></attr><attr><attrlabl Sync="TRUE">YEAR_</attrlabl><attalias Sync="TRUE">YEAR_</attalias><attrtype Sync="TRUE">String</attrtype><attwidth Sync="TRUE">4</attwidth><atprecis Sync="TRUE">0</atprecis><attscale Sync="TRUE">0</attscale></attr><attr><attrlabl Sync="TRUE">STATE</attrlabl><attalias Sync="TRUE">STATE</attalias><attrtype Sync="TRUE">String</attrtype><attwidth Sync="TRUE">2</attwidth><atprecis Sync="TRUE">0</atprecis><attscale Sync="TRUE">0</attscale></attr><attr><attrlabl Sync="TRUE">AGENCY</attrlabl><attalias Sync="TRUE">AGENCY</attalias><attrtype Sync="TRUE">String</attrtype><attwidth Sync="TRUE">3</attwidth><atprecis Sync="TRUE">0</atprecis><attscale Sync="TRUE">0</attscale></attr><attr><attrlabl Sync="TRUE">UNIT_ID</attrlabl><attalias Sync="TRUE">UNIT_ID</attalias><attrtype Sync="TRUE">String</attrtype><attwidth Sync="TRUE">3</attwidth><atprecis Sync="TRUE">0</atprecis><attscale Sync="TRUE">0</attscale></attr><attr><attrlabl Sync="TRUE">FIRE_NAME</attrlabl><attalias Sync="TRUE">FIRE_NAME</attalias><attrtype Sync="TRUE">String</attrtype><attwidth Sync="TRUE">34</attwidth><atprecis Sync="TRUE">0</atprecis><attscale Sync="TRUE">0</attscale></attr><attr><attrlabl Sync="TRUE">INC_NUM</attrlabl><attalias Sync="TRUE">INC_NUM</attalias><attrtype Sync="TRUE">String</attrtype><attwidth Sync="TRUE">8</attwidth><atprecis Sync="TRUE">0</atprecis><attscale Sync="TRUE">0</attscale></attr><attr><attrlabl Sync="TRUE">ALARM_DATE</attrlabl><attalias Sync="TRUE">ALARM_DATE</attalias><attrtype Sync="TRUE">Date</attrtype><attwidth Sync="TRUE">8</attwidth><atprecis Sync="TRUE">0</atprecis><attscale Sync="TRUE">0</attscale></attr><attr><attrlabl Sync="TRUE">CONT_DATE</attrlabl><attalias Sync="TRUE">CONT_DATE</attalias><attrtype Sync="TRUE">Date</attrtype><attwidth Sync="TRUE">8</attwidth><atprecis Sync="TRUE">0</atprecis><attscale Sync="TRUE">0</attscale></attr><attr><attrlabl Sync="TRUE">CAUSE</attrlabl><attalias Sync="TRUE">CAUSE</attalias><attrtype Sync="TRUE">Integer</attrtype><attwidth Sync="TRUE">5</attwidth><atprecis Sync="TRUE">5</atprecis><attscale Sync="TRUE">0</attscale></attr><attr><attrlabl Sync="TRUE">COMMENTS</attrlabl><attalias Sync="TRUE">COMMENTS</attalias><attrtype Sync="TRUE">String</attrtype><attwidth Sync="TRUE">100</attwidth><atprecis Sync="TRUE">0</atprecis><attscale Sync="TRUE">0</attscale></attr><attr><attrlabl Sync="TRUE">GIS_ACRES</attrlabl><attalias Sync="TRUE">GIS_ACRES</attalias><attrtype Sync="TRUE">Single</attrtype><attwidth Sync="TRUE">13</attwidth><atprecis Sync="TRUE">0</atprecis><attscale Sync="TRUE">0</attscale></attr><attr><attrlabl Sync="TRUE">C_METHOD</attrlabl><attalias Sync="TRUE">C_METHOD</attalias><attrtype Sync="TRUE">Integer</attrtype><attwidth Sync="TRUE">5</attwidth><atprecis Sync="TRUE">5</atprecis><attscale Sync="TRUE">0</attscale></attr><attr><attrlabl Sync="TRUE">OBJECTIVE</attrlabl><attalias Sync="TRUE">OBJECTIVE</attalias><attrtype Sync="TRUE">Integer</attrtype><attwidth Sync="TRUE">5</attwidth><atprecis Sync="TRUE">5</atprecis><attscale Sync="TRUE">0</attscale></attr><attr><attrlabl Sync="TRUE">FIRE_NUM</attrlabl><attalias Sync="TRUE">FIRE_NUM</attalias><attrtype Sync="TRUE">String</attrtype><attwidth Sync="TRUE">8</attwidth><atprecis Sync="TRUE">0</atprecis><attscale Sync="TRUE">0</attscale></attr><attr><attrlabl Sync="TRUE">COMPLEX_NA</attrlabl><attalias Sync="TRUE">COMPLEX_NA</attalias><attrtype Sync="TRUE">String</attrtype><attwidth Sync="TRUE">50</attwidth><atprecis Sync="TRUE">0</atprecis><attscale Sync="TRUE">0</attscale></attr><attr><attrlabl Sync="TRUE">COMPLEX_IN</attrlabl><attalias Sync="TRUE">COMPLEX_IN</attalias><attrtype Sync="TRUE">String</attrtype><attwidth Sync="TRUE">50</attwidth><atprecis Sync="TRUE">0</atprecis><attscale Sync="TRUE">0</attscale></attr><attr><attrlabl Sync="TRUE">IRWINID</attrlabl><attalias Sync="TRUE">IRWINID</attalias><attrtype Sync="TRUE">String</attrtype><attwidth Sync="TRUE">40</attwidth><atprecis Sync="TRUE">0</atprecis><attscale Sync="TRUE">0</attscale></attr><attr><attrlabl Sync="TRUE">Shape_Leng</attrlabl><attalias Sync="TRUE">Shape_Leng</attalias><attrtype Sync="TRUE">Double</attrtype><attwidth Sync="TRUE">19</attwidth><atprecis Sync="TRUE">0</atprecis><attscale Sync="TRUE">0</attscale></attr><attr><attrlabl Sync="TRUE">Shape_Area</attrlabl><attalias Sync="TRUE">Shape_Area</attalias><attrtype Sync="TRUE">Double</attrtype><attwidth Sync="TRUE">19</attwidth><atprecis Sync="TRUE">0</atprecis><attscale Sync="TRUE">0</attscale><attrdef Sync="TRUE">Area of feature in internal units squared.</attrdef><attrdefs Sync="TRUE">Esri</attrdefs><attrdomv><udom Sync="TRUE">Positive real numbers that are automatically generated.</udom></attrdomv></attr></detailed></eainfo><mdDateSt Sync="TRUE">20231218</mdDateSt></metadata>
